mr,Mark,Rivers,999-9864 Lacus St,Shreveport,AL,37475,US,mark.rivers@rustic-hw.com,12341234,1-287-734-6663
mr,Anthony,Lombardi,981-9063 Nec St,Nashville,AK,73167,US,anthony.lombardi@rustic-hw.com,12341234,1-451-693-7495
mr,William,Hunter,321-9241 Est Street,Huntsville,AZ,95360,US,william.hunter@rustic-hw.com,12341234,1-235-491-8575
mrs,Marie,Dubois,452-6662 Nascetur Avenue,Fort Wayne,AR,61705,US,marie.dubois@rustic-hw.com,12341234,1-865-812-3359
mr,Axel,Krause,5965 Eleifend Ave,Boston,CA,33315,US,axel.krause@rustic-hw.com,12341234,1-579-670-7720
mr,Ulf,Becker,9611 Consectetuer Rd,Augusta,CO,33738,US,ulf.becker@rustic-hw.com,12341234,1-287-922-5230
mr,Alejandro,Navarro,9179 Dui St,Southaven,CT,20018,US,alejandro.navarro@rustic-hw.com,12341234,1-214-717-0889
mr,Lucas,Kowalski,7793 Pede Ave,Norman,DE,73986,US,lucas.kowalski@rustic-hw.com,12341234,1-320-779-9190
mrs,Byung-soon,Lee,835 Elit Street,Springfield,FL,24056,US,byung-soon.lee@rustic-hw.com,12341234,1-412-375-9612
ms,Gi,Sun,6505 Odio Street,Iowa City,GA,86158,US,gi.sun@rustic-hw.com,12341234,1-793-647-3951
mr,Mark,Rivers,457-2151 Tellus Rd,Hilo,HI,73751,US,mark.rivers@rustic-hw.com,12341234,1-502-119-9258
mr,Anthony,Lombardi,9084 Tortor St,Saint Louis,ID,73725,US,anthony.lombardi@rustic-hw.com,12341234,1-137-303-2858
mr,William,Hunter,553-1838 Tincidunt Av,Springfield,IL,87777,US,william.hunter@rustic-hw.com,12341234,1-639-901-1119
mrs,Marie,Dubois,8972 Phasellus St,Boston,IN,82206,US,marie.dubois@rustic-hw.com,12341234,1-891-279-3245
mr,Axel,Krause,3583 Sed Road,Toledo,IA,31487,US,axel.krause@rustic-hw.com,12341234,1-817-957-3195
mr,Ulf,Becker,293-8109 Curae Street,Boston,KS,92530,US,ulf.becker@rustic-hw.com,12341234,1-879-585-7622
mr,Alejandro,Navarro,582-9723 Ante Ave,Cambridge,KY,74804,US,alejandro.navarro@rustic-hw.com,12341234,1-819-880-6124
mr,Lucas,Kowalski,1420 Lectus Street,South Bend,LA,39828,US,lucas.kowalski@rustic-hw.com,12341234,1-544-554-6081
mrs,Byung-soon,Lee,505-8067 Gravida Rd,Mobile,ME,19231,US,byung-soon.lee@rustic-hw.com,12341234,1-990-190-4282
ms,Gi,Mon,677-6143 Pellentesque Avenue,Rochester,MD,12660,US,gi.sun@rustic-hw.com,12341234,1-887-722-4540
mr,Mark,Rivers,257-4978 Orci Ave,Bellevue,MA,75430,US,mark.rivers@rustic-hw.com,12341234,1-913-945-7659
mr,Anthony,Lombardi,438-8916 Nunc Ave,Springdale,MI,51822,US,anthony.lombardi@rustic-hw.com,12341234,1-992-580-6911
mr,William,Hunter,4365 Aliquet St,Kenosha,MN,20228,US,william.hunter@rustic-hw.com,12341234,1-839-537-8235
mrs,Marie,Dubois,513-2042 Placerat Street,Las Vegas,MS,12766,US,marie.dubois@rustic-hw.com,12341234,1-836-495-6788
mr,Axel,Krause,6503 Amet Street,Sterling Heights,MO,32580,US,axel.krause@rustic-hw.com,12341234,1-705-863-7021
mr,Ulf,Becker,2992 Aliquet Rd,Fort Collins,MT,65920,US,ulf.becker@rustic-hw.com,12341234,1-389-745-5553
mr,Alejandro,Navarro,8546 Nunc Rd,Miami,NE,99404,US,alejandro.navarro@rustic-hw.com,12341234,1-488-412-7677
mr,Lucas,Kowalski,418-479 Elit Rd,Ketchikan,NV,50649,US,lucas.kowalski@rustic-hw.com,12341234,1-354-742-3692
mrs,Byung-soon,Lee,668-9980 Non Av,Milwaukee,NH,64258,US,byung-soon.lee@rustic-hw.com,12341234,1-408-570-0294
ms,Gi,Tue,5128 Placerat Rd,Henderson,NJ,33667,US,gi.sun@rustic-hw.com,12341234,1-298-656-8845
mr,Mark,Rivers,542-4104 Massa Av,Ketchikan,NM,36902,US,mark.rivers@rustic-hw.com,12341234,1-505-818-1941
mr,Anthony,Lombardi,2263 Mollis Rd,Rockville,NY,82917,US,anthony.lombardi@rustic-hw.com,12341234,1-323-530-7567
mr,William,Hunter,870-6566 Vestibulum Rd,Billings,NC,90196,US,william.hunter@rustic-hw.com,12341234,1-526-171-4412
mrs,Marie,Dubois,105 Dolor Av,Kansas City,ND,47029,US,marie.dubois@rustic-hw.com,12341234,1-285-431-4629
mr,Axel,Krause,615-8595 Risus Ave,Jefferson City,OH,35695,US,axel.krause@rustic-hw.com,12341234,1-928-869-3102
mr,Ulf,Becker,7457 Orci Ave,Hattiesburg,OK,49835,US,ulf.becker@rustic-hw.com,12341234,1-918-623-6514
mr,Alejandro,Navarro,214-9586 Ac Rd,Salt Lake City,OR,37823,US,alejandro.navarro@rustic-hw.com,12341234,1-309-685-1073
mr,Lucas,Kowalski,2559 Et Av,Tulsa,PA,22645,US,lucas.kowalski@rustic-hw.com,12341234,1-785-189-0674
mrs,Byung-soon,Lee,519-451 Ut Street,Aurora,RI,53901,US,byung-soon.lee@rustic-hw.com,12341234,1-270-830-3905
ms,Gi,Wed,934 Sit Avenue,New Haven,SC,63126,US,gi.sun@rustic-hw.com,12341234,1-522-778-3299
mr,Mark,Rivers,495-8474 Cursus Avenue,Hartford,SD,96462,US,mark.rivers@rustic-hw.com,12341234,1-227-799-0661
mr,Anthony,Lombardi,3304 Dolor Rd,Rutland,TN,64851,US,anthony.lombardi@rustic-hw.com,12341234,1-886-753-8123
mr,William,Hunter,430-1034 Nunc Avenue,Nampa,TX,86741,US,william.hunter@rustic-hw.com,12341234,1-868-272-7737
mrs,Marie,Dubois,376-375 Nec St,Los Angeles,UT,42514,US,marie.dubois@rustic-hw.com,12341234,1-745-649-6030
mr,Axel,Krause,6234 Aenean Av,Miami,VT,34571,US,axel.krause@rustic-hw.com,12341234,1-694-397-3614
mr,Ulf,Becker,6487 Nisi Rd,Cheyenne,VA,87580,US,ulf.becker@rustic-hw.com,12341234,1-638-559-4337
mr,Alejandro,Navarro,574-3310 Placerat St,Newport News,WA,19145,US,alejandro.navarro@rustic-hw.com,12341234,1-575-794-9400
mr,Lucas,Kowalski,1194 Arcu St,Tulsa,WV,39258,US,lucas.kowalski@rustic-hw.com,12341234,1-511-458-5685
mrs,Byung-soon,Lee,408-9619 Facilisi Avenue,Lewiston,WI,15826,US,byung-soon.lee@rustic-hw.com,12341234,1-715-902-0881
ms,Gi,Thu,704-4293 Non Av,North Las Vegas,WY,62798,US,gi.sun@rustic-hw.com,12341234,1-548-880-8254
mr,Mark,Rivers,827-6181 Ornare Rd,Kansas City,DC,89339,US,mark.rivers@rustic-hw.com,12341234,1-997-945-5463
mr,Anthony,Lombardi,613-9184 Cubilia Road,Baton Rouge,AL,78255,US,anthony.lombardi@rustic-hw.com,12341234,1-976-950-9274
mr,William,Hunter,5962 Nunc Avenue,Fort Collins,AK,28161,US,william.hunter@rustic-hw.com,12341234,1-203-875-6901
mrs,Marie,Dubois,568-8001 Quis Rd,Fort Smith,AZ,97657,US,marie.dubois@rustic-hw.com,12341234,1-697-660-3902
mr,Axel,Krause,612-128 Gravida Street,Los Angeles,AR,92054,US,axel.krause@rustic-hw.com,12341234,1-649-685-6303
mr,Ulf,Becker,7354 Nunc Street,Houston,CA,61568,US,ulf.becker@rustic-hw.com,12341234,1-307-767-4876
mr,Alejandro,Navarro,5460 Massa Rd,Chesapeake,CO,89812,US,alejandro.navarro@rustic-hw.com,12341234,1-989-640-0955
mr,Lucas,Kowalski,120-2140 Lacinia Road,Huntsville,CT,43876,US,lucas.kowalski@rustic-hw.com,12341234,1-412-478-1409
mrs,Byung-soon,Lee,336-6160 Proin Street,Grand Rapids,DE,13078,US,byung-soon.lee@rustic-hw.com,12341234,1-821-157-8505
ms,Gi,Fri,357-2014 Sem Av,Hilo,FL,40966,US,gi.sun@rustic-hw.com,12341234,1-214-271-2717
mr,Mark,Rivers,5206 Risus Rd,Chesapeake,GA,82204,US,mark.rivers@rustic-hw.com,12341234,1-875-489-3891
mr,Anthony,Lombardi,898-794 Nulla St,Fayetteville,HI,17442,US,anthony.lombardi@rustic-hw.com,12341234,1-866-800-3754
mr,William,Hunter,827-5727 Justo Street,Wyoming,ID,73536,US,william.hunter@rustic-hw.com,12341234,1-198-825-0725
mrs,Marie,Dubois,580-2702 Id Rd,Des Moines,IL,44592,US,marie.dubois@rustic-hw.com,12341234,1-289-303-1640
mr,Axel,Krause,366-536 Nullam St,Georgia,IN,42024,US,axel.krause@rustic-hw.com,12341234,1-476-877-7578
mr,Ulf,Becker,825-3068 Auctor Av,Joliet,IA,65230,US,ulf.becker@rustic-hw.com,12341234,1-386-257-2965
mr,Alejandro,Navarro,741-4150 Magna Rd,Spokane,KS,61418,US,alejandro.navarro@rustic-hw.com,12341234,1-437-987-6597
mr,Lucas,Kowalski,560-174 Nulla Ave,Gaithersburg,KY,38489,US,lucas.kowalski@rustic-hw.com,12341234,1-854-789-9646
mrs,Byung-soon,Lee,3795 Fermentum Ave,Pocatello,LA,33343,US,byung-soon.lee@rustic-hw.com,12341234,1-833-489-5784
ms,Gi,Sat,7850 Magna Av,Bloomington,ME,76606,US,gi.sun@rustic-hw.com,12341234,1-963-378-3094
mr,Mark,Rivers,3336 Sed Rd,Sioux City,MD,86928,US,mark.rivers@rustic-hw.com,12341234,1-304-930-9706
mr,Anthony,Lombardi,2160 Duis Avenue,South Portland,MA,70640,US,anthony.lombardi@rustic-hw.com,12341234,1-358-629-3903
mr,William,Hunter,1042 In Rd,Newark,MI,45496,US,william.hunter@rustic-hw.com,12341234,1-817-308-8277
mrs,Marie,Dubois,525-2236 Eleifend Rd,Savannah,MN,12763,US,marie.dubois@rustic-hw.com,12341234,1-852-334-0271
mr,Axel,Krause,975 Aliquam Ave,Bozeman,MS,83068,US,axel.krause@rustic-hw.com,12341234,1-633-438-8002
mr,Ulf,Becker,5588 Erat St,Annapolis,MO,30748,US,ulf.becker@rustic-hw.com,12341234,1-512-849-4649
mr,Alejandro,Navarro,363-7086 Lectus Rd,Waterbury,MT,22185,US,alejandro.navarro@rustic-hw.com,12341234,1-886-345-4519
mr,Lucas,Kowalski,469-7548 Volutpat Rd,Tulsa,NE,52488,US,lucas.kowalski@rustic-hw.com,12341234,1-847-633-0367
mrs,Byung-soon,Lee,111-3717 Quisque Street,Eugene,NV,76189,US,byung-soon.lee@rustic-hw.com,12341234,1-288-212-9942
ms,Gi,Sun,1499 Nisi Rd,West Jordan,NH,69045,US,gi.sun@rustic-hw.com,12341234,1-981-479-2579
mr,Mark,Rivers,4952 Enim Ave,Tucson,NJ,69686,US,mark.rivers@rustic-hw.com,12341234,1-499-535-4438
mr,Anthony,Lombardi,5882 Eleifend St,Aurora,NM,61851,US,anthony.lombardi@rustic-hw.com,12341234,1-316-892-8461
mr,William,Hunter,390-9783 Arc Ave,Frankfort,NY,97043,US,william.hunter@rustic-hw.com,12341234,1-121-599-1459
mrs,Marie,Dubois,269-4862 Justo Street,Wilmington,NC,17018,US,marie.dubois@rustic-hw.com,12341234,1-102-280-4617
mr,Axel,Krause,938-9424 Aliquam Av,Norfolk,ND,51655,US,axel.krause@rustic-hw.com,12341234,1-346-906-6156
mr,Ulf,Becker,8037 Non Avenue,Kapolei,OH,69955,US,ulf.becker@rustic-hw.com,12341234,1-975-922-1985
mr,Alejandro,Navarro,9259 Sed St,Athens,OK,37868,US,alejandro.navarro@rustic-hw.com,12341234,1-915-608-0370
mr,Lucas,Kowalski,1773 Ornare Rd,Mesa,OR,23335,US,lucas.kowalski@rustic-hw.com,12341234,1-864-267-5018
mrs,Byung-soon,Lee,346-7199 Consectetuer St,Boston,PA,28296,US,byung-soon.lee@rustic-hw.com,12341234,1-722-489-3308
ms,Gi,Mon,247-8582 Felis Av,Owensboro,RI,12765,US,gi.sun@rustic-hw.com,12341234,1-466-545-5599
mr,Mark,Rivers,885-8044 In Road,West Valley City,SC,22098,US,mark.rivers@rustic-hw.com,12341234,1-911-718-8236
mr,Anthony,Lombardi,604-8661 Dolor Street,Essex,SD,50508,US,anthony.lombardi@rustic-hw.com,12341234,1-486-314-1204
mr,William,Hunter,916-2905 Nec Rd,Chattanooga,TN,18101,US,william.hunter@rustic-hw.com,12341234,1-678-725-6537
mrs,Marie,Dubois,214-6033 Consectetuer Avenue,Wilmington,TX,71501,US,marie.dubois@rustic-hw.com,12341234,1-132-157-3947
mr,Axel,Krause,107-6822 Turpis Avenue,Phoenix,UT,91665,US,axel.krause@rustic-hw.com,12341234,1-259-535-7409
mr,Ulf,Becker,200-6192 Elementum St,Meridian,VT,28416,US,ulf.becker@rustic-hw.com,12341234,1-540-289-4019
mr,Alejandro,Navarro,352-6834 Urna Road,Lafayette,VA,28803,US,alejandro.navarro@rustic-hw.com,12341234,1-773-962-5711
mr,Lucas,Kowalski,5439 Quam St,Baton Rouge,WA,30853,US,lucas.kowalski@rustic-hw.com,12341234,1-622-920-2507
mrs,Byung-soon,Lee,293-4037 Lacinia St,Fayetteville,WV,16570,US,byung-soon.lee@rustic-hw.com,12341234,1-751-506-2157
ms,Gi,Tue,4508 Mauris Av,Bellevue,WI,91994,US,gi.sun@rustic-hw.com,12341234,1-648-218-5985