# -----------------------------------------------------------------------
# Copyright (c) 2019 SAP SE or an SAP affiliate company. All rights reserved.
# -----------------------------------------------------------------------
Categories/Accessories-youth/Gloves-youth/c/330800
Categories/Accessories/Gloves/c/190700
Categories/Streetwear-women/Overall-women/c/261400
Categories/Surf/Skimboard/c/351200
Brands/FCS/c/FCS
Categories/Streetwear-men/Windbreaker/c/251400
Categories/Accessories-women/Caps-women/c/370100
Categories/Clothes/T-Shirts/c/tshirts
Categories/Accessories-youth/Belts-youth/c/380300
Brands/Armada/c/Armada
Brands/Naketano/c/Naketano
Categories/Streetwear-youth/Shorts-youth/c/270800
Categories/Accessories-women/Belts-women/c/370900
Categories/Shoes-women/Boots-Women/c/400600
Categories/Helmets/Helmets-youth/c/450200
Brands/UPZ/c/UPZ
Brands/Surftech/c/Surftech
Brands/Ortovox/c/Ortovox
Categories/Snowwear-women/Fleece-women/c/200400
Brands/Stepchild/c/Stepchild
Brands/Hurley/c/Hurley
Categories/Clothes/Shoes/Sandals/c/sandals
Categories/Others/Tools/c/tools
Categories/Streetwear-women/Coats-women/c/261200
Categories/Streetwear-women/Pants-women/c/260900
Categories/Accessories/Electronic-Accessories/c/221800
Brands/Firewire/c/Firewire
Brands/Pussy-Deluxe/c/Pussy%20Deluxe
Categories/Eyewear/Eyewear-Accessories/c/210300
Brands/Bench/c/Bench
Brands/Love/c/Love
Brands/Burton/c/Burton
Brands/Flip/c/Flip
Brands/DC/c/DC
Brands/Chanex/c/Chanex
Brands/Elan/c/Elan
Brands/Special-Blend/c/Special%20Blend
Categories/Bags%2BBoardbags/Backpacks-Women/c/160900
Brands/Sixxa/c/Sixxa
Brands/Toko/c/Toko
Categories/Streetwear-men/Vests/c/251000
Categories/Surf/Lycras-women/c/360400
Collections/Surf/Boards/c/boards
Brands/Emerica/c/Emerica
Brands/Head/c/Head
Brands/Bergfex/c/Bergfex
Categories/Streetwear-men/Long-Sleeve/c/251500
Brands/Lib-Tech/c/Lib%20Tech
Categories/Surf/Repair-Surf/c/350900
Brands/Orage/c/Orage
Categories/Surf/Leash-Surf/c/350600
Categories/Clothes/Caps/c/caps
Categories/Freeski/Freestyle-Ski-women/c/110200
Brands/Northwave/c/Northwave
Brands/Independent/c/Independent
Categories/Accessories-women/Bandanas-women/c/371600
Categories/Snowwear-men/Snow-Jackets/c/190100
Categories/Wakeboard/Wakeboard/c/420100
Brands/fenchurch/c/fenchurch
Categories/Touring-Equipment/c/170000
Brands/San%C3%BCk/c/San%C3%BCk
Brands/Forum/c/Forum
Brands/Periplus-AC%2BIon-Guides/c/Periplus%20AC%2BIon%20Guides
Brands/Elm/c/Elm
Categories/Streetwear-women/Longsleeves-women/c/261700
Brands/Sabre/c/Sabre
Brands/Slam-69/c/Slam%2069
Categories/Race%2BFreecarveboards/Raceboards/c/20100
Brands/Clast/c/Clast
Categories/Streetwear-men/Sweater/c/250200
Brands/MBM/c/MBM
Brands/H2O-Audio/c/H2O%20Audio
Brands/Alpinestars/c/Alpinestars
Categories/Tuning/c/100000
Brands/Skullcandy/c/Skullcandy
Brands/Alien-Workshop/c/Alien%20Workshop
Categories/Skate/Wheels/c/280600
Brands/Ronix/c/Ronix
Categories/Streetwear-youth/c/270000
Categories/Accessories-women/Wallets-women/c/370300
Brands/Coal/c/Coal
Brands/Neff/c/Neff
Categories/Freeski/Freeride-Ski-women/c/111900
Categories/Streetwear-men/c/250000
Categories/Streetwear-women/Windbreaker-women/c/261500
Categories/Race%2BFreecarveboards/Raceboards-women/c/20400
Categories/Shoes/Sneakers/c/230100
Categories/Shoes-women/c/400000
Categories/Accessories/Socks/c/221100
Categories/Shoes-youth/c/390000
Categories/Surf/SUP---Stand-Up-Paddle/c/355000
Categories/Skate/Trucks/c/280400
Categories/Others/Guides/c/guides
Brands/Ocean-%26-Earth/c/Ocean%20%26%20Earth
Categories/Touring-Equipment/Climbing-Systems/c/170200
Categories/Streetwear-youth/Pants-youth/c/270300
Categories/Accessories/Others/c/221000
Categories/c/categories
Categories/Others/c/others
Categories/Freeski/Freeride-Ski/c/111700
Brands/Level/c/Level
Categories/Freeski/Ski-Boots-youth/c/111500
Brands/SP/c/SP
Brands/DVS/c/DVS
Categories/Clothes/c/clothes
Categories/Skate/Skate-Accessories/c/280300
Brands/Hello-Kitty/c/Hello%20Kitty
Brands/Oakley/c/Oakley
Categories/Streetwear-men/Boardshorts/c/250800
Brands/Buster/c/Buster
Categories/Snowwear-men/c/190000
Brands/Mr-Lacy/c/Mr.%20Lacy
Categories/Streetwear-youth/Boardshorts-youth/c/270600
Brands/eleven/c/eleven
Categories/Bindings/Soft-Bindings-women/c/50600
Categories/Freeski/c/110000
Categories/Helmets/Helmets-Bike-Skate/c/450500
Categories/Snowboard-Boots/Softboots-youth/c/40600
Brands/NXTZ/c/NXTZ
Brands/Skiing/c/Skiing
Categories/Streetwear-men/Denim-Pants/c/250500
Collections/Kids/c/kids
Categories/Snowboards-youth/Raceboards-youth/c/30400
Brands/N%C3%BCmph/c/N%C3%BCmph
Categories/Wakeboard/Wakeboard-Bindings/c/420300
Brands/Rusty/c/Rusty
Brands/Smith/c/Smith
Categories/Snowwear-women/Snow-Pants-women/c/200300
Brands/Playboard/c/Playboard
Categories/Snowboards/Freestyle%2BFreeride-youth/c/30300
Brands/Dynastar/c/Dynastar
Brands/Onboard/c/Onboard
Categories/Streetwear-men/Shirts/c/250300
Categories/Accessories-women/Gloves-women/c/371100
Categories/Race%2BFreecarveboards/c/20000
Brands/Red/c/Red
Brands/WeSC/c/WeSC
Categories/Snowwear-men/Fleece/c/190400
Brands/Marker/c/Marker
Categories/Accessories-women/Underwear-technical-women/c/371000
Categories/Streetwear-women/Sweater-women/c/260200
Brands/Body-Glove/c/Body%20Glove
Brands/7S/c/7S
Categories/Tuning/Gear/c/100300
Brands/Holden/c/Holden
Categories/Accessories/Headphones/c/221300
Categories/Protection/c/70000
Brands/Arnette/c/Arnette
Categories/Eyewear-Women/c/240000
Categories/Bags%2BBoardbags/Board-Bags/c/160100
Categories/Accessories/Sticker/c/221400
Categories/Accessories/Jewellery/c/221500
Brands/Vox/c/Vox
Categories/Shoes/Sandals-men/c/230400
Categories/Tuning/Technical-accessories/c/100400
Categories/Bags%2BBoardbags/c/160000
Categories/Streetwear-women/T-Shirts-women/c/260100
Brands/Al-Merrick/c/Al%20Merrick
Brands/Odlo/c/Odlo
Categories/Accessories-women/Beach-towels-women/c/370800
Brands/Iron-Fist/c/Iron%20Fist
Brands/Quiksilver/c/Quiksilver
Brands/Nike-ACG/c/Nike%20ACG
Categories/Accessories-women/Beanies-women/c/370200
Brands/F2-FTWO/c/F2-FTWO
Brands/St%C3%BCssy/c/St%C3%BCssy
Brands/ainwear/c/ainwear
Categories/Freeski/Ski-Bag/c/110900
Categories/Accessories-women/Socks-women/c/370600
Categories/Accessories-women/c/370000
Brands/Zanier/c/Zanier
Brands/Nikita/c/Nikita
Categories/Streetwear-men/Jackets/c/250400
Categories/Bikewear/MTB-Shirts/c/320100
Brands/Yackfou/c/Yackfou
Categories/Streetwear-women/Polos-women/c/261600
Brands/Riggler/c/Riggler
Categories/Streetwear-women/Shirts-women/c/260300
Categories/Snowboards/Freestyle%2BFreeride/c/10100
Categories/Shoes-women/Fashion-Shoes-Women/c/400500
Brands/Rome/c/Rome
Categories/Streetwear-women/Tops/c/261800
Categories/Streetwear-men/Shorts/c/250600
Categories/Eyewear/Shades/c/210100
Categories/Shoes-youth/Sneakers-youth/c/390100
Brands/droid-/c/droid
Categories/Streetwear-women/Vests-women/c/261000
Categories/Freeski/Freestyle-Ski/c/110100
Brands/Spy/c/Spy
Brands/667/c/667
Brands/Airhole/c/Airhole
Categories/Snowboard-Boots/c/40000
Categories/Freeski/Ski-Bindings/c/110500
Categories/Streetwear-youth/Sweater%2BPullover-youth/c/270200
Categories/Protection/Protection-women/c/70500
Categories/Bags%2BBoardbags/Bags/c/160700
Brands/Flying-Wheels/c/Flying%20Wheels
Categories/Streetwear-youth/Jackets-youth/c/270700
Categories/Freeski/Ski-Boots-women/c/111000
Brands/Onitsuka-Tiger/c/Onitsuka%20Tiger
Categories/Eyewear-Women/Shades-Women/c/240100
Categories/Accessories/Caps/c/220600
Categories/Snowwear-women/Snow-Vests-women/c/200200
Brands/Makia/c/Makia
Brands/SOMA-Airbags/c/SOMA%20Airbags
Categories/Bikewear/MTB-Jackets-wmn/c/321100
Brands/PYUA/c/PYUA
Categories/Bindings/c/50000
Brands/VAS-Entertainment/c/VAS%20Entertainment
Categories/Others/Goggles/c/goggles
Categories/Bindings/Soft-Bindings-youth/c/51700
Brands/Surfing-Europe/c/Surfing%20Europe
Brands/Golden-Ride-Magazin/c/Golden%20Ride%20Magazin
Brands/Alptraum/c/Alptraum
Brands/Ashbury/c/Ashbury
Brands/Venture/c/Venture
Brands/Nixon/c/Nixon
Categories/Snowboard-Boots/Hardboots/c/40300
Categories/Surf/Surf-Accessories/c/351000
Brands/Rad-Air/c/Rad%20Air
Collections/c/collections
Brands/Sessions/c/Sessions
Categories/Accessories/Videocamera/c/222000
Brands/Helly-Hansen/c/Helly%20Hansen
Categories/Streetwear-men/Underwear/c/252300
Categories/Shoes/Skate-Shoes/c/230200
Brands/Dalbello/c/Dalbello
Brands/Billabong/c/Billabong
Brands/New-Era/c/New%20Era
Brands/Rossignol/c/Rossignol
Brands/Replay/c/Replay
Categories/Surf/Shortboards-%2B-Fish/c/350100
Categories/Surf/Surfboard-Bags/c/351100
Brands/Sub-Industries/c/Sub%20Industries
Categories/Skate/DVD-Skate/c/180300
Categories/Surf/DVD-Surf/c/180400
Categories/Streetwear-youth/Underwear-youth/c/271000
Brands/Kari-Traa/c/Kari%20Traa
Brands/Chocolate/c/Chocolate
Categories/Tuning/Wax/c/100100
Categories/Skate/Longboards/c/280100
Categories/Protection/Protection-youth/c/70600
Brands/Giro/c/Giro
Categories/Snowboard-Boots/Softboots/c/40100
Categories/Skate/c/280000
Categories/Snowwear-youth/Snow-Pants-youth/c/330700
Brands/Element/c/Element
Categories/Wakeboard/c/420000
Brands/686/c/686
Brands/Skim-One/c/Skim%20One
Brands/Habitat/c/Habitat
Brands/IPath/c/IPath
Brands/Blowfish/c/Blowfish
Categories/Snowboard-Boots/Softboots-women/c/40400
Categories/Accessories-women/Jewellery-women/c/371800
Brands/Nitro/c/Nitro
Categories/Helmets/Helmets-youth-Girls/c/450700
Categories/Streetwear-men/Pants/c/250900
Categories/Surf/c/350000
Categories/Helmets/Helmets-Wakeboard/c/450600
Brands/Lightning-Bolt/c/Lightning%20Bolt
Brands/Amplid/c/Amplid
Brands/adidas/c/adidas
Brands/Troy-Lee-Designs/c/Troy%20Lee%20Designs
Categories/Accessories-youth/c/380000
Brands/K2/c/K2
Brands/Skins/c/Skins
Categories/Tuning/Tools/c/100200
Categories/Freeski/Ski-Poles-women/c/111100
Brands/Atticus/c/Atticus
Categories/Streetwear-men/Polos/c/250700
Brands/Analog/c/Analog
Brands/Cartel-Skateboards/c/Cartel%20Skateboards
Brands/Bond/c/Bond
Brands/Dragon/c/Dragon
Brands/VIVO/c/VIVO
Categories/Clothes/Shoes/Sandals/Sandals-women/c/400300
Categories/Streetwear-men/Suit/c/251300
Categories/Eyewear/Goggles/c/210200
Brands/Shred/c/Shred
Categories/Shoes-youth/Sandals-youth/c/390200
Categories/Streetwear-men/Coats/c/251200
Brands/Ride/c/Ride
Brands/Krew/c/Krew
Categories/Snowboards/c/10000
Brands/Atomic/c/Atomic
Categories/Protection/Protectors-Bike/c/70700
Brands/Gravis/c/Gravis
Brands/Dakine/c/Dakine
Categories/Streetwear-women/Skirts-and-Dresses-women/c/260700
Categories/Bikewear/MTB-Shorts-wmn/c/320800
Brands/Nomis/c/Nomis
Categories/Snowboards/Test-Freestyle%2BFreeride-women/c/10600
Categories/Streetwear-men/Sweater-Hooded/c/252000
Brands/Loop/c/Loop
Categories/Bindings/Hard-Bindings-Step-In/c/50400
Categories/Bindings/Soft-Bindings/c/50100
Categories/Bags%2BBoardbags/Travelbags-women/c/160600
Categories/Streetwear-women/Fashion-Shirt-LS-Women/c/262600
Categories/Shoes/c/230000
Categories/Snowwear-men/Softshell/c/190800
Categories/Accessories-youth/Beanies-youth/c/380200
Categories/Wakeboard/Wakeboard-Set/c/420200
Brands/GoPro-Cam/c/GoPro%20Cam
Brands/Famous/c/Famous
Categories/Streetwear-women/Denim-Pants-women/c/260500
Brands/Gorilla-Grip/c/Gorilla%20Grip
Categories/Streetwear-men/T-Shirts-men/c/250100
Categories/Freeski/Ski-Set-youth/c/111600
Brands/Armourdillo/c/Armourdillo
Brands/Planet-Earth/c/Planet%20Earth
Brands/Salomon/c/Salomon
Categories/Eyewear-Women/Goggles-Women/c/240200
Categories/Streetwear-men/Sweater-Hooded-Zip/c/252100
Categories/Surf/Fins-Surf/c/350800
Brands/Dainese/c/Dainese
Brands/Blue-Tomato/c/Blue%20Tomato
Brands/Nike/c/Nike
Categories/Snowboards-youth/c/30000
Brands/Cross/c/Cross
Categories/Accessories/Wallets/c/220700
Categories/Surf/Surfbooks/c/181200
Categories/Touring-Equipment/Avalanche-Transceiver/c/170100
Brands/Volcom/c/Volcom
Brands/TSG/c/TSG
Brands/Kustom/c/Kustom
Categories/Shoes-youth/Skateshoes-youth/c/390300
Categories/Streetwear-youth/Babies/c/460000
Categories/Accessories-youth/Caps-youth/c/380100
Categories/Surf/Wax-Surf/c/350700
Brands/Grenade/c/Grenade
Categories/Accessories-women/Others-women/c/371200
Categories/Streetwear-women/Cardigan-women/c/262400
Brands/Foursquare/c/Foursquare
Brands/Lowlife/c/Lowlife
Categories/Skate/Cruisers/c/280900
Categories/Skate/Complete-Decks/c/280700
Categories/Surf/Wetsuits-women/c/360200
Categories/Bikewear/MTB-Shirt-wmn/c/320700
Brands/Surfco-Hawaii/c/Surfco%20Hawaii
Categories/Streetwear-men/Tank-Top/c/251600
Brands/Herrlicher/c/Herrlicher
Categories/Snowwear-men/Snow-Pants/c/190300
Brands/Adio/c/Adio
Categories/Bikewear/MTB-Gloves-wmn/c/321000
Brands/Light/c/Light
Categories/Freeski/Sets-Freeski/c/110800
Brands/Frontline/c/Frontline
Brands/Line/c/Line
Categories/Touring-Equipment/Shovel-and-Probes/c/170400
Brands/Technine/c/Technine
Categories/Snowwear-women/c/200000
Categories/Helmets/Helmets-Snow/c/450100
Categories/Helmets/Helmets-women/c/450300
Categories/Bags%2BBoardbags/Backpacks/c/160300
Brands/WLD/c/WLD
Categories/Accessories-women/Bags-women/c/160400
Brands/Red-Bull/c/Red%20Bull
Brands/%C3%84sthetiker/c/%C3%84sthetiker
Categories/Surf/Grip-Pad-Surf/c/350500
Categories/Streetwear-women/Underwear-women/c/261300
Brands/Isenseven/c/Isenseven
Categories/Skate/Bearings/c/280500
Categories/Others/Backpacks/c/backpack
Categories/Accessories/c/220000
Categories/Others/Ski-Gear/c/skigear
Categories/Snowwear-youth/c/330000
Brands/Fox/c/Fox
Categories/Streetwear-women/Boardshorts-women/c/262300
Brands/Sykum/c/Sykum
Brands/Nike-6-0/c/Nike%206.0
Brands/Mammut/c/Mammut
Categories/Clothes/Shoes/c/shoes
Categories/Wetsuits-%2B-Lycras/c/360000
Categories/Surf/Booties/c/360500
Categories/Bags%2BBoardbags/Touring-Bags/c/170300
Categories/Skate/Grip-Tape/c/280800
Categories/Accessories/Bandanas/c/221600
Brands/Southpoint/c/Southpoint
Brands/REELL/c/REELL
Categories/Bikewear/MTB-Jackets/c/320500
Brands/Sniper/c/Sniper
Categories/Snowwear-women/Softshell-women/c/200800
Categories/Surf/Wetsuits/c/360100
Brands/DEELUXE/c/DEELUXE
Brands/Leki/c/Leki
Brands/Laxavala/c/Laxavala
Categories/Surf/Lycras/c/360300
Categories/Snowboards/Splitboard/c/10400
Brands/Icetools/c/Icetools
Categories/Wetsuits-%2B-Lycras/Lycras-youth/c/360600
Brands/Creatures-of-Leisure/c/Creatures%20of%20Leisure
Brands/V%C3%B6lkl/c/V%C3%B6lkl
Categories/Eyewear-youth/Shades-youth/c/290200
Categories/Eyewear-youth/c/290000
Categories/Bags%2BBoardbags/Travelbags/c/160500
Brands/Pow/c/Pow
Categories/Eyewear/c/210000
Brands/Zimtstern/c/Zimtstern
Brands/Wave-Finder-Surf-Guide/c/Wave-Finder%20Surf%20Guide
Brands/Carhartt/c/Carhartt
Categories/Bindings/Soft-Bindings-Accessories/c/50500
Categories/Streetwear-women/Sweater-Hooded-Zip-women/c/262100
Brands/The-North-Face/c/The%20North%20Face
Brands/O%27Neill/c/O%27Neill
Brands/Insight/c/Insight
Brands/Pro-Tec/c/Pro%20Tec
Brands/POC/c/POC
Categories/Snowwear-youth/Fleece-youth/c/270900
Brands/Nordica/c/Nordica
Categories/Shoes/Winter-Shoes/c/230600
Categories/Bikewear/c/320000
Categories/Accessories/Beach-Towels/c/221200
Brands/Reef/c/Reef
Brands/adidas-eyewear/c/adidas%20eyewear
Brands/Scott/c/Scott
Categories/Freeski/Ski-Poles-youth/c/111800
Brands/Globe/c/Globe
Categories/Snowboards/Sets-Freestyle%2BFreeride/c/10200
Categories/Protection/Protectors/c/70200
Brands/Full-Tilt/c/Full%20Tilt
Brands/Westbeach/c/Westbeach
Categories/Freeski/Ski-Bag-women/c/111300
Brands/32/c/32
Categories/Snowboards/Snowboards-women/c/10500
Brands/adidas-Originals/c/adidas%20Originals
Categories/Streetwear-youth/T-Shirts-youth/c/270100
Brands/Union/c/Union
Categories/Snowwear-women/Snow-Jackets-women/c/200100
Categories/Eyewear-youth/Goggles-youth/c/290100
Categories/Streetwear-women/Shorts-women/c/260600
Categories/Freeski/Ski-poles/c/110700
Categories/Accessories/Cameras/c/221900
Categories/Clothes/Helmets/c/helmet
Brands/Von-Zipper/c/Von%20Zipper
Brands/Vestal/c/Vestal
Brands/69-Slam/c/69%20Slam
Categories/Shoes-women/Ballerinas-women/c/400400
Collections/Surf/Boards/Long-%2B-Funboards/c/350200
Categories/Wetsuits-%2B-Lycras/Wetsuits-youth/c/360700
Brands/Landing/c/Landing
Brands/The-Hundreds/c/The%20Hundreds
Categories/Snowboard-Boots/Boots-Accessories/c/40500
Brands/Matix/c/Matix
Brands/Absinthe/c/Absinthe
Brands/New-Stormrider-Guide/c/New%20Stormrider%20Guide
Categories/Snowboards/Testboard-youth/c/30200
Brands/Femipleasure/c/Femipleasure
Brands/Liquid-Force/c/Liquid%20Force
Brands/Rip-Curl/c/Rip%20Curl
Categories/Helmets/c/450000
Categories/Accessories/Belts/c/251100
Categories/Skate/Skate-Decks/c/280200
Brands/Roxy/c/Roxy
Brands/Madness/c/Madness
Categories/Streetwear-women/Sweater-Hooded-women/c/262000
Brands/Bonfire/c/Bonfire
Brands/Aesthetiker/c/Aesthetiker
Brands/Capita/c/Capita
Categories/Streetwear-youth/Denim-Pants-youth/c/270500
Brands/Sector-9/c/Sector%209
Brands/Oxbow/c/Oxbow
Categories/Streetwear-women/Jackets-women/c/260400
Brands/Anon/c/Anon
Categories/Streetwear-women/c/260000
Brands/Iriedaily/c/Iriedaily
Brands/Bern/c/Bern
Categories/Accessories/Watches/c/340000
Brands/RVCA/c/RVCA
Categories/Streetwear-women/Fashion-Shirt-SS-Women/c/262500
Brands/Bataleon/c/Bataleon
Categories/Bindings/Hard-Bindings/c/50300
Categories/Accessories-women/Watches-women/c/370700
Brands/Supra/c/Supra
Categories/Wakeboard/Wakeboard-Set-women/c/420600
Brands/Horsefeathers/c/Horsefeathers
Brands/Etnies/c/Etnies
Brands/Artec/c/Artec
Brands/Electric/c/Electric
Brands/Nooka/c/Nooka
Brands/Es/c/Es
Brands/Flow/c/Flow
Categories/Freeski/Ski-Boots/c/110600
Categories/Accessories-youth/Socks-youth/c/380400
Brands/Celtek/c/Celtek
Categories/Accessories/Beanies/c/220500
Categories/Accessories-women/Scarves-women/c/371700
Categories/Surf/Bodyboards/c/350400
Brands/Arcus/c/Arcus
Brands/Frends/c/Frends
Brands/Enjoi/c/Enjoi
Brands/Apo/c/Apo
Categories/Shoes-women/Sneakers-women/c/400100
Brands/Spitfire/c/Spitfire
Categories/Streetwear-women/Bikinis-women/c/260800
Categories/Freeski/Freestyle%2BFreeride-Ski-youth/c/110300
Brands/Sweet/c/Sweet
Categories/Snowwear-youth/Snow-Jackets-youth/c/330100
